Title,Price,Rating,Availability
A Light in the ...,Â£51.77,Three,In stock
Tipping the Velvet,Â£53.74,One,In stock
Soumission,Â£50.10,One,In stock
Sharp Objects,Â£47.82,Four,In stock
Sapiens: A Brief History ...,Â£54.23,Five,In stock
The Requiem Red,Â£22.65,One,In stock
The Dirty Little Secrets ...,Â£33.34,Four,In stock
The Coming Woman: A ...,Â£17.93,Three,In stock
The Boys in the ...,Â£22.60,Four,In stock
The Black Maria,Â£52.15,One,In stock
Starving Hearts (Triangular Trade ...,Â£13.99,Two,In stock
Shakespeare's Sonnets,Â£20.66,Four,In stock
Set Me Free,Â£17.46,Five,In stock
Scott Pilgrim's Precious Little ...,Â£52.29,Five,In stock
Rip it Up and ...,Â£35.02,Five,In stock
Our Band Could Be ...,Â£57.25,Three,In stock
Olio,Â£23.88,One,In stock
Mesaerion: The Best Science ...,Â£37.59,One,In stock
Libertarianism for Beginners,Â£51.33,Two,In stock
It's Only the Himalayas,Â£45.17,Two,In stock
In Her Wake,Â£12.84,One,In stock
How Music Works,Â£37.32,Two,In stock
Foolproof Preserving: A Guide ...,Â£30.52,Three,In stock
Chase Me (Paris Nights ...,Â£25.27,Five,In stock
Black Dust,Â£34.53,Five,In stock
Birdsong: A Story in ...,Â£54.64,Three,In stock
America's Cradle of Quarterbacks: ...,Â£22.50,Three,In stock
Aladdin and His Wonderful ...,Â£53.13,Three,In stock
Worlds Elsewhere: Journeys Around ...,Â£40.30,Five,In stock
Wall and Piece,Â£44.18,Four,In stock
The Four Agreements: A ...,Â£17.66,Five,In stock
The Five Love Languages: ...,Â£31.05,Three,In stock
The Elephant Tree,Â£23.82,Five,In stock
The Bear and the ...,Â£36.89,One,In stock
Sophie's World,Â£15.94,Five,In stock
Penny Maybe,Â£33.29,Three,In stock
Maude (1883-1993):She Grew Up ...,Â£18.02,Two,In stock
"In a Dark, Dark ...",Â£19.63,One,In stock
Behind Closed Doors,Â£52.22,Four,In stock
You can't bury them ...,Â£33.63,Two,In stock
Slow States of Collapse: ...,Â£57.31,Three,In stock
Reasons to Stay Alive,Â£26.41,Two,In stock
Private Paris (Private #10),Â£47.61,Five,In stock
#HigherSelfie: Wake Up Your ...,Â£23.11,Five,In stock
Without Borders (Wanderlove #1),Â£45.07,Two,In stock
When We Collided,Â£31.77,One,In stock
"We Love You, Charlie ...",Â£50.27,Five,In stock
Untitled Collection: Sabbath Poems ...,Â£14.27,Four,In stock
Unseen City: The Majesty ...,Â£44.18,Four,In stock
Unicorn Tracks,Â£18.78,Three,In stock
Unbound: How Eight Technologies ...,Â£25.52,One,In stock
Tsubasa: WoRLD CHRoNiCLE 2 ...,Â£16.28,One,In stock
Throwing Rocks at the ...,Â£31.12,Three,In stock
This One Summer,Â£19.49,Four,In stock
Thirst,Â£17.27,Five,In stock
The Torch Is Passed: ...,Â£19.09,One,In stock
The Secret of Dreadwillow ...,Â£56.13,One,In stock
The Pioneer Woman Cooks: ...,Â£56.41,One,In stock
The Past Never Ends,Â£56.50,Four,In stock
The Natural History of ...,Â£45.22,Three,In stock
The Nameless City (The ...,Â£38.16,Four,In stock
The Murder That Never ...,Â£54.11,Three,In stock
The Most Perfect Thing: ...,Â£42.96,Four,In stock
The Mindfulness and Acceptance ...,Â£23.89,Four,In stock
The Life-Changing Magic of ...,Â£16.77,Three,In stock
The Inefficiency Assassin: Time ...,Â£20.59,Five,In stock
The Gutsy Girl: Escapades ...,Â£37.13,One,In stock
The Electric Pencil: Drawings ...,Â£56.06,One,In stock
The Death of Humanity: ...,Â£58.11,Four,In stock
The Bulletproof Diet: Lose ...,Â£49.05,Three,In stock
The Art Forger,Â£40.76,Three,In stock
The Age of Genius: ...,Â£19.73,One,In stock
The Activist's Tao Te ...,Â£32.24,Five,In stock
Spark Joy: An Illustrated ...,Â£41.83,Four,In stock
Soul Reader,Â£39.58,Two,In stock
Security,Â£39.25,Two,In stock
"Saga, Volume 6 (Saga ...",Â£25.02,Three,In stock
"Saga, Volume 5 (Saga ...",Â£51.04,Two,In stock
Reskilling America: Learning to ...,Â£19.83,Two,In stock
"Rat Queens, Vol. 3: ...",Â£50.40,Three,In stock
"Princess Jellyfish 2-in-1 Omnibus, ...",Â£13.61,Five,In stock
Princess Between Worlds (Wide-Awake ...,Â£13.34,Five,In stock
"Pop Gun War, Volume ...",Â£18.97,One,In stock
"Political Suicide: Missteps, Peccadilloes, ...",Â£36.28,Two,In stock
Patience,Â£10.16,Three,In stock
"Outcast, Vol. 1: A ...",Â£15.44,Four,In stock
orange: The Complete Collection ...,Â£48.41,One,In stock
Online Marketing for Busy ...,Â£46.35,One,In stock
On a Midnight Clear,Â£14.07,Three,In stock
Obsidian (Lux #1),Â£14.86,Two,In stock
My Paris Kitchen: Recipes ...,Â£33.37,Two,In stock
Masks and Shadows,Â£56.40,Two,In stock
Mama Tried: Traditional Italian ...,Â£14.02,Four,In stock
"Lumberjanes, Vol. 2: Friendship ...",Â£46.91,Two,In stock
"Lumberjanes, Vol. 1: Beware ...",Â£45.61,Three,In stock
Lumberjanes Vol. 3: A ...,Â£19.92,Two,In stock
"Layered: Baking, Building, and ...",Â£40.11,One,In stock
Judo: Seven Steps to ...,Â£53.90,Two,In stock
Join,Â£35.67,Five,In stock
In the Country We ...,Â£22.00,Four,In stock
Immunity: How Elie Metchnikoff ...,Â£57.36,Five,In stock
"I Hate Fairyland, Vol. ...",Â£29.17,Two,In stock
I am a Hero ...,Â£54.63,Three,In stock
How to Be Miserable: ...,Â£46.03,One,In stock
Her Backup Boyfriend (The ...,Â£33.97,One,In stock
"Giant Days, Vol. 2 ...",Â£22.11,Two,In stock
Forever and Forever: The ...,Â£29.69,Three,In stock
First and First (Five ...,Â£15.97,Four,In stock
Fifty Shades Darker (Fifty ...,Â£21.96,One,In stock
Everydata: The Misinformation Hidden ...,Â£54.35,Two,In stock
Don't Be a Jerk: ...,Â£37.97,Two,In stock
Danganronpa Volume 1,Â£51.99,Four,In stock
Crown of Midnight (Throne ...,Â£43.29,Three,In stock
"Codename Baboushka, Volume 1: ...",Â£36.72,Four,In stock
Camp Midnight,Â£17.08,Four,In stock
Call the Nurse: True ...,Â£29.14,Five,In stock
Burning,Â£28.81,Three,In stock
Bossypants,Â£49.46,Two,In stock
"Bitch Planet, Vol. 1: ...",Â£37.92,Two,In stock
Avatar: The Last Airbender: ...,Â£28.09,Two,In stock
Algorithms to Live By: ...,Â£30.81,One,In stock
A World of Flavor: ...,Â£42.95,One,In stock
"A Piece of Sky, ...",Â£56.76,Five,In stock
A Murder in Time,Â£16.64,One,In stock
A Flight of Arrows ...,Â£55.53,Five,In stock
A Fierce and Subtle ...,Â£28.13,Four,In stock
A Court of Thorns ...,Â£52.37,One,In stock
(Un)Qualified: How God Uses ...,Â£54.00,Five,In stock
You Are What You ...,Â£21.87,Four,In stock
William Shakespeare's Star Wars: ...,Â£43.30,Four,In stock
Tuesday Nights in 1980,Â£21.04,Two,In stock
Tracing Numbers on a ...,Â£41.60,Three,In stock
Throne of Glass (Throne ...,Â£35.07,Three,In stock
Thomas Jefferson and the ...,Â£59.64,One,In stock
Thirteen Reasons Why,Â£52.72,One,In stock
The White Cat and ...,Â£58.08,Four,In stock
The Wedding Dress,Â£24.12,One,In stock
The Vacationers,Â£42.15,Four,In stock
The Third Wave: An ...,Â£12.61,Five,In stock
The Stranger,Â£17.44,Four,In stock
The Shadow Hero (The ...,Â£33.14,One,In stock
The Secret (The Secret ...,Â£27.37,Four,In stock
The Regional Office Is ...,Â£51.36,Five,In stock
The Psychopath Test: A ...,Â£36.00,Two,In stock
The Project,Â£10.65,One,In stock
The Power of Now: ...,Â£43.54,Two,In stock
The Omnivore's Dilemma: A ...,Â£38.21,Two,In stock
The Nerdy Nummies Cookbook: ...,Â£37.34,Five,In stock
The Murder of Roger ...,Â£44.10,Four,In stock
The Mistake (Off-Campus #2),Â£43.29,Three,In stock
The Matchmaker's Playbook (Wingmen ...,Â£55.85,One,In stock
The Love and Lemons ...,Â£37.60,Two,In stock
The Long Shadow of ...,Â£10.97,One,In stock
The Kite Runner,Â£41.82,Four,In stock
The House by the ...,Â£36.95,One,In stock
The Glittering Court (The ...,Â£44.28,One,In stock
The Girl on the ...,Â£55.02,Two,In stock
The Genius of Birds,Â£17.24,One,In stock
The Emerald Mystery,Â£23.15,Two,In stock
The Cookies & Cups ...,Â£41.25,One,In stock
The Bridge to Consciousness: ...,Â£32.00,Three,In stock
The Artist's Way: A ...,Â£38.49,Five,In stock
The Art of War,Â£33.34,Five,In stock
The Argonauts,Â£10.93,Two,In stock
The 10% Entrepreneur: Live ...,Â£27.55,Three,In stock
Suddenly in Love (Lake ...,Â£55.99,Two,In stock
Something More Than This,Â£16.24,Four,In stock
Soft Apocalypse,Â£26.12,Two,In stock
So You've Been Publicly ...,Â£12.23,Two,In stock
Shoe Dog: A Memoir ...,Â£23.99,Two,In stock
"Shobu Samurai, Project Aryoku ...",Â£29.06,Three,In stock
Secrets and Lace (Fatal ...,Â£20.27,One,In stock
Scarlett Epstein Hates It ...,Â£43.55,Five,In stock
Romero and Juliet: A ...,Â£36.94,One,In stock
Redeeming Love,Â£20.47,Five,In stock
Poses for Artists Volume ...,Â£41.06,One,In stock
Poems That Make Grown ...,Â£14.19,Four,In stock
"Nightingale, Sing",Â£38.28,One,In stock
Night Sky with Exit ...,Â£41.05,One,In stock
Mrs. Houdini,Â£30.25,Five,In stock
Modern Romance,Â£28.26,Five,In stock
Miss Peregrineâs Home for ...,Â£10.76,One,In stock
Louisa: The Extraordinary Life ...,Â£16.85,Two,In stock
Little Red,Â£13.47,Three,In stock
Library of Souls (Miss ...,Â£48.56,Five,In stock
Large Print Heart of ...,Â£19.15,Two,In stock
I Had a Nice ...,Â£57.36,Four,In stock
Hollow City (Miss Peregrineâs ...,Â£42.98,One,In stock
Grumbles,Â£22.16,Two,In stock
Full Moon over Noahâs ...,Â£49.43,Four,In stock
Frostbite (Vampire Academy #2),Â£29.99,Five,In stock
Follow You Home,Â£21.36,One,In stock
First Steps for New ...,Â£29.00,One,In stock
Finders Keepers (Bill Hodges ...,Â£53.53,Five,In stock
"Fables, Vol. 1: Legends ...",Â£41.62,Four,In stock
Eureka Trivia 6.0,Â£54.59,Four,In stock
Drive: The Surprising Truth ...,Â£34.95,Four,In stock
Done Rubbed Out (Reightman ...,Â£37.72,Five,In stock
Doing It Over (Most ...,Â£35.61,Three,In stock
Deliciously Ella Every Day: ...,Â£42.16,Three,In stock
Dark Notes,Â£19.19,Five,In stock
Daring Greatly: How the ...,Â£19.43,Three,In stock
Close to You,Â£49.46,Four,In stock
Chasing Heaven: What Dying ...,Â£37.80,Two,In stock
Big Magic: Creative Living ...,Â£30.80,Three,In stock
Becoming Wise: An Inquiry ...,Â£27.43,Two,In stock
Beauty Restored (Riley Family ...,Â£11.11,Two,In stock
Batman: The Long Halloween ...,Â£36.50,Two,In stock
Batman: The Dark Knight ...,Â£15.38,Five,In stock
Ayumi's Violin,Â£15.48,Two,In stock
Anonymous,Â£46.82,Four,In stock
Amy Meets the Saints ...,Â£18.46,Three,In stock
Amid the Chaos,Â£36.58,One,In stock
Amatus,Â£50.54,Five,In stock
Agnostic: A Spirited Manifesto,Â£12.51,Five,In stock
Zealot: The Life and ...,Â£24.70,Three,In stock
You (You #1),Â£43.61,Five,In stock
"Wonder Woman: Earth One, ...",Â£37.34,Four,In stock
Wild Swans,Â£14.36,Two,In stock
Why the Right Went ...,Â£52.65,Four,In stock
Whole Lotta Creativity Going ...,Â£38.20,Four,In stock
What's It Like in ...,Â£19.60,Two,In stock
"We Are Robin, Vol. ...",Â£53.90,One,In stock
Walt Disney's Alice in ...,Â£12.96,Five,In stock
V for Vendetta (V ...,Â£37.10,Four,In stock
Until Friday Night (The ...,Â£46.31,Two,In stock
Unbroken: A World War ...,Â£45.95,Two,In stock
Twenty Yawns,Â£22.08,Two,In stock
Through the Woods,Â£25.38,Two,In stock
This Is Where It ...,Â£27.12,Two,In stock
The Year of Magical ...,Â£43.04,Two,In stock
The Wright Brothers,Â£56.80,Four,In stock
The White Queen (The ...,Â£25.91,Five,In stock
The Wedding Pact (The ...,Â£32.61,Three,In stock
The Time Keeper,Â£27.88,Five,In stock
The Testament of Mary,Â£52.67,Four,In stock
The Star-Touched Queen,Â£46.02,Five,In stock
The Songs of the ...,Â£44.48,Five,In stock
The Song of Achilles,Â£37.40,Five,In stock
The Rosie Project (Don ...,Â£54.04,One,In stock
The Power of Habit: ...,Â£16.88,Three,In stock
The Marriage of Opposites,Â£28.08,Four,In stock
The Lucifer Effect: Understanding ...,Â£10.40,One,In stock
The Long Haul (Diary ...,Â£44.07,One,In stock
The Loney,Â£23.40,One,In stock
The Literature Book (Big ...,Â£17.43,Three,In stock
The Last Mile (Amos ...,Â£54.21,Two,In stock
The Immortal Life of ...,Â£40.67,Two,In stock
The Hidden Oracle (The ...,Â£52.26,Two,In stock
The Help Yourself Cookbook ...,Â£28.77,Three,In stock
The Guilty (Will Robie ...,Â£13.82,Two,In stock
The First Hostage (J.B. ...,Â£25.85,Three,In stock
The Dovekeepers,Â£48.78,One,In stock
The Darkest Lie,Â£35.35,Five,In stock
The Bane Chronicles (The ...,Â£44.73,Four,In stock
The Bad-Ass Librarians of ...,Â£15.77,One,In stock
The 14th Colony (Cotton ...,Â£39.24,One,In stock
That Darkness (Gardiner and ...,Â£13.92,One,In stock
Tastes Like Fear (DI ...,Â£10.69,One,In stock
Take Me with You,Â£45.21,Three,In stock
Swell: A Year of ...,Â£45.58,One,In stock
Superman Vol. 1: Before ...,Â£11.89,Five,In stock
Still Life with Bread ...,Â£26.41,Three,In stock
Steve Jobs,Â£39.50,Five,In stock
Sorting the Beef from ...,Â£44.74,Four,In stock
Someone Like You (The ...,Â£52.79,Five,In stock
"So Cute It Hurts!!, ...",Â£35.43,Four,In stock
Shtum,Â£55.84,Four,In stock
See America: A Celebration ...,Â£48.87,Three,In stock
salt.,Â£46.78,Four,In stock
Robin War,Â£47.82,Three,In stock
"Red Hood/Arsenal, Vol. 1: ...",Â£25.48,Two,In stock
Rain Fish,Â£23.57,Three,In stock
Quarter Life Poetry: Poems ...,Â£50.89,Five,In stock
Pet Sematary,Â£10.56,Three,In stock
"Overload: How to Unplug, ...",Â£52.15,Three,In stock
Once Was a Time,Â£18.28,Two,In stock
Old School (Diary of ...,Â£11.83,Five,In stock
No Dream Is Too ...,Â£21.95,Two,In stock
"Naruto (3-in-1 Edition), Vol. ...",Â£38.39,Two,In stock
My Name Is Lucy ...,Â£41.56,One,In stock
My Mrs. Brown,Â£24.48,Three,In stock
My Kind of Crazy,Â£40.36,One,In stock
Mr. Mercedes (Bill Hodges ...,Â£28.90,One,In stock
More Than Music (Chasing ...,Â£37.61,Two,In stock
Made to Stick: Why ...,Â£38.85,Five,In stock
Luis Paints the World,Â£53.95,Three,In stock
Luckiest Girl Alive,Â£49.83,Three,In stock
Lowriders to the Center ...,Â£51.51,Two,In stock
Love Is a Mix ...,Â£18.03,One,In stock
Looking for Lovely: Collecting ...,Â£29.14,Five,In stock
Living Leadership by Insight: ...,Â£46.91,Four,In stock
Let It Out: A ...,Â£26.79,Five,In stock
Lady Midnight (The Dark ...,Â£16.28,Five,In stock
"It's All Easy: Healthy, ...",Â£19.55,One,In stock
Island of Dragons (Unwanteds ...,Â£29.65,One,In stock
I Know What I'm ...,Â£25.98,Four,In stock
I Am Pilgrim (Pilgrim ...,Â£10.60,Four,In stock
Hyperbole and a Half: ...,Â£14.75,Five,In stock
"Hush, Hush (Hush, Hush ...",Â£47.02,Three,In stock
Hold Your Breath (Search ...,Â£28.82,One,In stock
Hamilton: The Revolution,Â£58.79,Three,In stock
Greek Mythic History,Â£10.23,Five,In stock
God: The Most Unpleasant ...,Â£30.03,Five,In stock
Glory over Everything: Beyond ...,Â£45.84,Three,In stock
Feathers: Displays of Brilliant ...,Â£49.05,Three,In stock
Far & Away: Places ...,Â£15.06,Four,In stock
Every Last Word,Â£46.47,Three,In stock
Eligible (The Austen Project ...,Â£27.09,Three,In stock
El Deafo,Â£57.62,Five,In stock
Eight Hundred Grapes,Â£14.39,Four,In stock
Eaternity: More than 150 ...,Â£51.75,Five,In stock
"Eat Fat, Get Thin",Â£54.07,Two,In stock
Don't Get Caught,Â£55.35,One,In stock
Doctor Sleep (The Shining ...,Â£40.12,Two,In stock
Demigods & Magicians: Percy ...,Â£37.51,Five,In stock
Dear Mr. Knightley,Â£11.21,Five,In stock
Daily Fantasy Sports,Â£36.58,One,In stock
Crazy Love: Overwhelmed by ...,Â£47.72,Two,In stock
Cometh the Hour (The ...,Â£25.01,Three,In stock
Code Name Verity (Code ...,Â£22.13,Four,In stock
Clockwork Angel (The Infernal ...,Â£44.14,One,In stock
City of Glass (The ...,Â£56.02,Four,In stock
City of Fallen Angels ...,Â£11.23,Four,In stock
City of Bones (The ...,Â£43.28,One,In stock
City of Ashes (The ...,Â£47.27,One,In stock
Cell,Â£20.29,Four,In stock
Catching Jordan (Hundred Oaks),Â£50.83,Three,In stock
"Carry On, Warrior: Thoughts ...",Â£31.85,Three,In stock
Carrie,Â£46.23,Two,In stock
Buying In: The Secret ...,Â£37.80,Four,In stock
Brain on Fire: My ...,Â£49.32,Five,In stock
Batman: Europa,Â£32.01,Two,In stock
Barefoot Contessa Back to ...,Â£28.01,One,In stock
Barefoot Contessa at Home: ...,Â£50.62,Five,In stock
Balloon Animals,Â£17.03,Three,In stock
Art Ops Vol. 1,Â£48.80,Three,In stock
Aristotle and Dante Discover ...,Â£58.14,Four,In stock
Angels Walking (Angels Walking ...,Â£34.20,Two,In stock
Angels & Demons (Robert ...,Â£51.48,Three,In stock
All the Light We ...,Â£29.87,Five,In stock
Adulthood Is a Myth: ...,Â£10.90,Two,In stock
Abstract City,Â£56.37,Five,In stock
A Time of Torment ...,Â£48.35,Five,In stock
A Study in Scarlet ...,Â£16.73,Two,In stock
A Series of Catastrophes ...,Â£56.48,Two,In stock
A People's History of ...,Â£40.79,Two,In stock
A Man Called Ove,Â£39.72,One,In stock
A Distant Mirror: The ...,Â£14.58,Three,In stock
A Brush of Wings ...,Â£55.51,One,In stock
1491: New Revelations of ...,Â£21.80,Three,In stock
"The Three Searches, Meaning, ...",Â£13.33,Three,In stock
Searching for Meaning in ...,Â£38.73,One,In stock
Rook,Â£37.86,Four,In stock
My Kitchen Year: 136 ...,Â£11.53,Two,In stock
13 Hours: The Inside ...,Â£27.06,One,In stock
Will You Won't You ...,Â£13.86,Three,In stock
Tipping Point for Planet ...,Â£37.55,One,In stock
The Star-Touched Queen,Â£32.30,Five,In stock
The Silent Sister (Riley ...,Â£46.29,Five,In stock
The Midnight Watch: A ...,Â£26.20,One,In stock
The Lonely City: Adventures ...,Â£33.26,Two,In stock
The Gray Rhino: How ...,Â£59.15,Four,In stock
The Golden Condom: And ...,Â£39.43,One,In stock
The Epidemic (The Program ...,Â£14.44,Five,In stock
The Dinner Party,Â£56.54,Two,In stock
The Diary of a ...,Â£59.90,Three,In stock
The Children,Â£11.88,Three,In stock
Stars Above (The Lunar ...,Â£48.05,Two,In stock
Snatched: How A Drug ...,Â£21.21,Three,In stock
Raspberry Pi Electronics Projects ...,Â£49.67,Four,In stock
Quench Your Own Thirst: ...,Â£43.14,One,In stock
Psycho: Sanitarium (Psycho #1.5),Â£36.97,Five,In stock
Poisonous (Max Revere Novels ...,Â£26.80,Three,In stock
One with You (Crossfire ...,Â£15.71,Four,In stock
No Love Allowed (Dodge ...,Â£54.65,Four,In stock
Murder at the 42nd ...,Â£54.36,Four,In stock
Most Wanted,Â£35.28,Three,In stock
"Love, Lies and Spies",Â£20.55,Two,In stock
How to Speak Golf: ...,Â£58.32,Five,In stock
Hide Away (Eve Duncan ...,Â£11.84,One,In stock
Furiously Happy: A Funny ...,Â£41.46,Four,In stock
Everyday Italian: 125 Simple ...,Â£20.10,Five,In stock
Equal Is Unfair: America's ...,Â£56.86,One,In stock
Eleanor & Park,Â£56.51,Five,In stock
Dirty (Dive Bar #1),Â£40.83,Four,In stock
Can You Keep a ...,Â£48.64,One,In stock
Boar Island (Anna Pigeon ...,Â£59.48,Three,In stock
A Paris Apartment,Â£39.01,Four,In stock
A la Mode: 120 ...,Â£38.77,One,In stock
Troublemaker: Surviving Hollywood and ...,Â£48.39,Two,In stock
The Widow,Â£27.26,Two,In stock
The Sleep Revolution: Transforming ...,Â£11.68,Four,In stock
The Improbability of Love,Â£59.45,One,In stock
The Art of Startup ...,Â£21.00,Three,In stock
Take Me Home Tonight ...,Â£53.98,Three,In stock
Sleeping Giants (Themis Files ...,Â£48.74,One,In stock
Setting the World on ...,Â£21.15,Two,In stock
Playing with Fire,Â£13.71,Three,In stock
Off the Hook (Fishing ...,Â£47.67,Three,In stock
Mothering Sunday,Â£13.34,Two,In stock
"Mother, Can You Not?",Â£16.89,Five,In stock
M Train,Â£27.18,One,In stock
Lilac Girls,Â£17.28,Two,In stock
Lies and Other Acts ...,Â£45.14,One,In stock
Lab Girl,Â£40.85,One,In stock
Keep Me Posted,Â£20.46,Four,In stock
It Didn't Start with ...,Â£56.27,Three,In stock
Grey (Fifty Shades #4),Â£48.49,Four,In stock
"Exit, Pursued by a ...",Â£51.34,Four,In stock
Daredevils,Â£16.34,Three,In stock
Cravings: Recipes for What ...,Â£20.50,Three,In stock
Born for This: How ...,Â£21.59,Five,In stock
Arena,Â£21.36,Four,In stock
Adultery,Â£20.88,Five,In stock
A Mother's Reckoning: Living ...,Â£19.53,Three,In stock
A Gentleman's Position (Society ...,Â£14.75,Five,In stock
11/22/63,Â£48.48,Three,In stock
10% Happier: How I ...,Â£24.57,Two,In stock
10-Day Green Smoothie Cleanse: ...,Â£49.71,Five,In stock
Without Shame,Â£48.27,Five,In stock
Watchmen,Â£58.05,Four,In stock
Unlimited Intuition Now,Â£58.87,Four,In stock
Underlying Notes,Â£11.82,Two,In stock
The Shack,Â£28.03,One,In stock
The New Brand You: ...,Â£44.05,Five,In stock
The Moosewood Cookbook: Recipes ...,Â£12.34,Four,In stock
The Flowers Lied,Â£16.68,Two,In stock
The Fabric of the ...,Â£55.91,One,In stock
The Book of Mormon,Â£24.57,Three,In stock
The Art and Science ...,Â£52.98,Five,In stock
The Alien Club,Â£54.40,One,In stock
Suzie Snowflake: One beautiful ...,Â£54.81,Five,In stock
Nap-a-Roo,Â£25.08,One,In stock
NaNo What Now? Finding ...,Â£10.41,Four,In stock
Modern Day Fables,Â£47.44,Two,In stock
If I Gave You ...,Â£20.91,One,In stock
"Fruits Basket, Vol. 9 ...",Â£33.95,Four,In stock
Dress Your Family in ...,Â£43.68,Three,In stock
Don't Forget Steven,Â£33.23,One,In stock
Chernobyl 01:23:40: The Incredible ...,Â£35.92,Two,In stock
Art and Fear: Observations ...,Â£48.63,Four,In stock
A Shard of Ice ...,Â£56.63,Three,In stock
A Hero's Curse (The ...,Â£50.49,Three,In stock
23 Degrees South: A ...,Â£35.79,Two,In stock
Zero to One: Notes ...,Â£34.06,Three,In stock
Why Not Me?,Â£17.76,One,In stock
When Breath Becomes Air,Â£39.36,Two,In stock
Vagabonding: An Uncommon Guide ...,Â£36.94,Two,In stock
The Unlikely Pilgrimage of ...,Â£43.62,Five,In stock
The New Drawing on ...,Â£43.02,Three,In stock
"The Midnight Assassin: Panic, ...",Â£28.45,Four,In stock
The Martian (The Martian ...,Â£41.39,Two,In stock
The High Mountains of ...,Â£51.15,One,In stock
The Grownup,Â£35.88,One,In stock
The E-Myth Revisited: Why ...,Â£36.91,One,In stock
South of Sunshine,Â£28.93,One,In stock
Smarter Faster Better: The ...,Â£38.89,Five,In stock
Silence in the Dark ...,Â£58.33,Three,In stock
Shadows of the Past ...,Â£39.67,Five,In stock
Roller Girl,Â£14.10,Five,In stock
Rising Strong,Â£21.82,Three,In stock
Proofs of God: Classical ...,Â£54.21,One,In stock
Please Kill Me: The ...,Â£31.19,Four,In stock
Out of Print: City ...,Â£53.64,Five,In stock
My Life Next Door ...,Â£36.39,Five,In stock
Miller's Valley,Â£58.54,Two,In stock
Man's Search for Meaning,Â£29.48,Three,In stock
Love That Boy: What ...,Â£25.06,Two,In stock
Living Forward: A Proven ...,Â£12.55,Three,In stock
Les Fleurs du Mal,Â£29.04,Five,In stock
Left Behind (Left Behind ...,Â£40.72,Two,In stock
Kill 'Em and Leave: ...,Â£45.05,Five,In stock
Kierkegaard: A Christian Missionary ...,Â£47.13,One,In stock
John Vassos: Industrial Design ...,Â£20.22,Four,In stock
I'll Give You the ...,Â£56.48,One,In stock
I Will Find You,Â£44.21,One,In stock
Hystopia: A Novel,Â£21.96,Four,In stock
Howl and Other Poems,Â£40.45,Two,In stock
History of Beauty,Â£10.29,Four,In stock
Heaven is for Real: ...,Â£52.86,Two,In stock
Future Shock (Future Shock ...,Â£55.65,Five,In stock
Ender's Game (The Ender ...,Â£43.64,One,In stock
Diary of a Citizen ...,Â£28.41,One,In stock
Death by Leisure: A ...,Â£37.51,Four,In stock
Brilliant Beacons: A History ...,Â£11.45,Three,In stock
Brazen: The Courage to ...,Â£19.22,Two,In stock
Between the World and ...,Â£56.91,Four,In stock
Being Mortal: Medicine and ...,Â£55.06,Four,In stock
A Murder Over a ...,Â£13.20,Three,In stock
32 Yolks,Â£53.63,Two,In stock
"""Most Blessed of the ...",Â£44.48,Five,In stock
You Are a Badass: ...,Â£12.08,Three,In stock
Wildlife of New York: ...,Â£22.14,Two,In stock
What Happened on Beale ...,Â£25.37,Five,In stock
Unreasonable Hope: Finding Faith ...,Â£46.33,Two,In stock
Under the Tuscan Sun,Â£37.33,Three,In stock
Toddlers Are A**holes: It's ...,Â£25.55,One,In stock
The Year of Living ...,Â£34.72,One,In stock
The Whale,Â£35.96,Four,In stock
The Story of Art,Â£41.14,Four,In stock
The Origin of Species,Â£10.01,Four,In stock
The Great Gatsby,Â£36.05,Four,In stock
The Good Girl,Â£49.03,Three,In stock
The Glass Castle,Â£16.24,One,In stock
The Faith of Christopher ...,Â£39.55,One,In stock
The Drowning Girls,Â£35.67,Three,In stock
The Constant Princess (The ...,Â£16.62,Three,In stock
The Bourne Identity (Jason ...,Â£42.78,Four,In stock
The Bachelor Girl's Guide ...,Â£52.30,Five,In stock
The Art Book,Â£32.34,Two,In stock
The 7 Habits of ...,Â£33.17,Four,In stock
Team of Rivals: The ...,Â£20.12,Five,In stock
Steal Like an Artist: ...,Â£20.90,Two,In stock
"Sit, Stay, Love",Â£20.90,Three,In stock
Sister Dear,Â£40.20,Four,In stock
"Shrunken Treasures: Literary Classics, ...",Â£52.87,Three,In stock
"Rich Dad, Poor Dad",Â£51.74,One,In stock
Raymie Nightingale,Â£34.41,Two,In stock
Playing from the Heart,Â£32.38,One,In stock
Nightstruck: A Novel,Â£50.35,Four,In stock
Naturally Lean: 125 Nourishing ...,Â£11.38,Five,In stock
Meternity,Â£43.58,Three,In stock
Memoirs of a Geisha,Â£49.67,Three,In stock
Like Never Before (Walker ...,Â£28.77,Two,In stock
Life of Pi,Â£13.22,Four,In stock
Leave This Song Behind: ...,Â£51.17,Five,In stock
King's Folly (The Kinsman ...,Â£39.61,Five,In stock
John Adams,Â£57.43,Four,In stock
How to Cook Everything ...,Â£46.01,Four,In stock
How to Be a ...,Â£28.25,Two,In stock
Good in Bed (Cannie ...,Â£37.05,Five,In stock
"Fruits Basket, Vol. 7 ...",Â£19.57,One,In stock
For the Love: Fighting ...,Â£45.13,Three,In stock
Finding God in the ...,Â£46.64,Two,In stock
Every Heart a Doorway ...,Â£12.16,Five,In stock
Delivering the Truth (Quaker ...,Â£20.89,Four,In stock
Counted With the Stars ...,Â£17.97,Five,In stock
"Chronicles, Vol. 1",Â£52.60,Two,In stock
Blue Like Jazz: Nonreligious ...,Â£25.77,One,In stock
Benjamin Franklin: An American ...,Â£48.19,Three,In stock
At The Existentialist CafÃ©: ...,Â£29.93,Five,In stock
A Summer In Europe,Â£44.34,Two,In stock
A Short History of ...,Â£52.40,Five,In stock
A Gathering of Shadows ...,Â£44.81,Four,In stock
The Sound Of Love,Â£57.84,Five,In stock
The Rise and Fall ...,Â£39.67,Two,In stock
The Perks of Being ...,Â£55.02,Three,In stock
The Mysterious Affair at ...,Â£24.80,Four,In stock
The Man Who Mistook ...,Â£59.45,Four,In stock
The Makings of a ...,Â£31.58,Two,In stock
The Joy of Cooking,Â£43.27,Four,In stock
The Invention of Wings,Â£37.34,One,In stock
The Hobbit (Middle-Earth Universe),Â£17.80,Five,In stock
The Great Railway Bazaar,Â£30.54,One,In stock
The Golden Compass (His ...,Â£18.77,One,In stock
The God Delusion,Â£46.85,Three,In stock
The Girl You Left ...,Â£15.79,One,In stock
The Fellowship of the ...,Â£10.27,Two,In stock
The Collected Poems of ...,Â£15.42,Five,In stock
The Barefoot Contessa Cookbook,Â£59.92,Five,In stock
Tell the Wolves I'm ...,Â£50.96,Two,In stock
Ship Leaves Harbor: Essays ...,Â£30.60,Three,In stock
Pride and Prejudice,Â£19.27,Four,In stock
Musicophilia: Tales of Music ...,Â£46.58,One,In stock
Mere Christianity,Â£48.51,Three,In stock
Me Before You (Me ...,Â£19.02,One,In stock
In the Woods (Dublin ...,Â£38.38,Two,In stock
In Cold Blood,Â£49.98,Four,In stock
How to Stop Worrying ...,Â£46.49,Five,In stock
Give It Back,Â£18.32,Two,In stock
"Girl, Interrupted",Â£42.14,Three,In stock
Fun Home: A Family ...,Â£56.59,Four,In stock
"Fruits Basket, Vol. 6 ...",Â£20.96,Four,In stock
Deception Point,Â£40.32,Four,In stock
"Death Note, Vol. 6: ...",Â£36.39,Three,In stock
Catherine the Great: Portrait ...,Â£58.55,Four,In stock
Better Homes and Gardens ...,Â£39.61,Three,In stock
An Unquiet Mind: A ...,Â£21.30,Three,In stock
A Year in Provence ...,Â£56.88,Four,In stock
World Without End (The ...,Â£32.97,Four,In stock
"Will Grayson, Will Grayson ...",Â£47.31,Four,In stock
Why Save the Bankers?: ...,Â£48.67,Two,In stock
Where She Went (If ...,Â£41.73,Four,In stock
What If?: Serious Scientific ...,Â£53.68,Four,In stock
Two Summers,Â£14.64,One,In stock
This Is Your Brain ...,Â£38.40,One,In stock
The Secret Garden,Â£15.08,Four,In stock
The Raven King (The ...,Â£30.57,Two,In stock
The Raven Boys (The ...,Â£57.74,Four,In stock
The Power Greens Cookbook: ...,Â£11.05,Five,In stock
The Metamorphosis,Â£28.58,One,In stock
The Mathews Men: Seven ...,Â£42.91,Five,In stock
The Little Paris Bookshop,Â£24.73,Three,In stock
The Hiding Place,Â£55.91,Four,In stock
The Grand Design,Â£13.76,Three,In stock
The Firm,Â£45.56,Three,In stock
The Fault in Our ...,Â£47.22,One,In stock
The False Prince (The ...,Â£56.00,Five,In stock
The Expatriates,Â£44.58,Two,In stock
The Dream Thieves (The ...,Â£34.50,One,In stock
The Darkest Corners,Â£11.33,Five,In stock
The Crossover,Â£38.77,Four,In stock
The 5th Wave (The ...,Â£11.83,Two,In stock
Tell the Wind and ...,Â£45.51,Three,In stock
Tell Me Three Things,Â£41.81,One,In stock
Talking to Girls About ...,Â£25.15,Four,In stock
Siddhartha,Â£34.22,Five,In stock
Shiver (The Wolves of ...,Â£16.23,Five,In stock
Remember Me?,Â£11.48,Three,In stock
Red Dragon (Hannibal Lecter ...,Â£23.37,Three,In stock
Peak: Secrets from the ...,Â£16.28,Two,In stock
My Mother Was Nuts,Â£31.63,Four,In stock
Mexican Today: New and ...,Â£24.91,Five,In stock
Maybe Something Beautiful: How ...,Â£22.54,One,In stock
Lola and the Boy ...,Â£23.63,Four,In stock
Logan Kade (Fallen Crest ...,Â£13.12,Two,In stock
Last One Home (New ...,Â£59.98,Three,In stock
Killing Floor (Jack Reacher ...,Â£31.49,Four,In stock
Kill the Boy Band,Â£15.52,Five,In stock
Isla and the Happily ...,Â£48.13,Five,In stock
If I Stay (If ...,Â£38.13,Five,In stock
I Know Why the ...,Â£36.55,Two,In stock
Harry Potter and the ...,Â£23.32,One,In stock
"Fruits Basket, Vol. 5 ...",Â£16.33,One,In stock
Foundation (Foundation (Publication Order) ...,Â£32.42,One,In stock
Fool Me Once,Â£16.96,One,In stock
Find Her (Detective D.D. ...,Â£22.37,One,In stock
Evicted: Poverty and Profit ...,Â£42.27,One,In stock
Drama,Â£38.70,Two,In stock
Dracula the Un-Dead,Â£35.63,Five,In stock
Digital Fortress,Â£58.00,Five,In stock
"Death Note, Vol. 5: ...",Â£52.41,One,In stock
"Data, A Love Story: ...",Â£32.35,Three,In stock
Critique of Pure Reason,Â£20.75,One,In stock
Booked,Â£17.49,Five,In stock
"Blue Lily, Lily Blue ...",Â£34.13,Five,In stock
Approval Junkie: Adventures in ...,Â£58.81,Five,In stock
An Abundance of Katherines,Â£10.00,Five,In stock
America's War for the ...,Â£51.22,Two,In stock
Alight (The Generations Trilogy ...,Â£58.59,Four,In stock
A Girl's Guide to ...,Â£31.30,One,In stock
A Game of Thrones ...,Â£46.42,Two,In stock
A Feast for Crows ...,Â£17.21,Four,In stock
A Clash of Kings ...,Â£10.79,Three,In stock
Vogue Colors A to ...,Â£52.35,Four,In stock
The Shining (The Shining ...,Â£27.88,Three,In stock
The Pilgrim's Progress,Â£50.26,Two,In stock
The Perfect Play (Play ...,Â£59.99,Three,In stock
The Passion of Dolssa,Â£28.32,Five,In stock
The Jazz of Physics: ...,Â£38.71,Three,In stock
The Hunger Games (The ...,Â£29.85,Five,In stock
The Hound of the ...,Â£14.82,Two,In stock
The Gunning of America: ...,Â£16.81,Four,In stock
The Geography of Bliss: ...,Â£28.23,Two,In stock
The Demonists (Demonist #1),Â£52.11,Two,In stock
The Demon Prince of ...,Â£27.88,Two,In stock
The Bone Hunters (Lexy ...,Â£59.71,Three,In stock
The Beast (Black Dagger ...,Â£46.08,Five,In stock
Some Women,Â£13.73,Five,In stock
Shopaholic Ties the Knot ...,Â£48.39,Five,In stock
Paper and Fire (The ...,Â£49.45,Five,In stock
Outlander (Outlander #1),Â£19.67,Five,In stock
Orchestra of Exiles: The ...,Â£12.36,Three,In stock
No One Here Gets ...,Â£20.02,Five,In stock
Night Shift (Night Shift ...,Â£12.75,Four,In stock
Needful Things,Â£47.51,Four,In stock
Mockingjay (The Hunger Games ...,Â£20.44,Four,In stock
Misery,Â£34.79,Two,In stock
Little Women (Little Women ...,Â£28.07,Four,In stock
It,Â£25.01,Three,In stock
Harry Potter and the ...,Â£13.90,Three,In stock
Harry Potter and the ...,Â£24.17,Four,In stock
Harry Potter and the ...,Â£31.63,Four,In stock
Harry Potter and the ...,Â£48.75,Five,In stock
Harry Potter and the ...,Â£14.74,One,In stock
Gone with the Wind,Â£32.49,Three,In stock
God Is Not Great: ...,Â£27.80,One,In stock
Girl With a Pearl ...,Â£26.77,One,In stock
"Fruits Basket, Vol. 4 ...",Â£50.44,Four,In stock
Far From True (Promise ...,Â£34.93,Two,In stock
Dark Lover (Black Dagger ...,Â£12.87,One,In stock
Confessions of a Shopaholic ...,Â£48.94,Two,In stock
Changing the Game (Play ...,Â£13.38,Three,In stock
Candide,Â£58.63,Three,In stock
Can You Keep a ...,Â£21.94,One,In stock
Atlas Shrugged,Â£26.58,Five,In stock
Animal Farm,Â£57.22,Three,In stock
A Walk to Remember,Â£56.43,One,In stock
A New Earth: Awakening ...,Â£55.65,Five,In stock
A History of God: ...,Â£27.62,One,In stock
'Salem's Lot,Â£49.56,Four,In stock
Zero History (Blue Ant ...,Â£34.77,One,In stock
Wuthering Heights,Â£17.73,Three,In stock
World War Z: An ...,Â£21.80,One,In stock
Wild: From Lost to ...,Â£46.02,Three,In stock
"Where'd You Go, Bernadette",Â£18.13,One,In stock
When You Are Engulfed ...,Â£30.89,Five,In stock
We the People: The ...,Â£31.95,Three,In stock
We Are All Completely ...,Â£24.04,One,In stock
Walk the Edge (Thunder ...,Â£32.36,Three,In stock
Voyager (Outlander #3),Â£21.07,Five,In stock
Very Good Lives: The ...,Â£50.66,Three,In stock
Vegan Vegetarian Omnivore: Dinner ...,Â£13.66,Two,In stock
"Unstuffed: Decluttering Your Home, ...",Â£58.09,One,In stock
Under the Banner of ...,Â£30.00,One,In stock
Two Boys Kissing,Â£32.74,Two,In stock
Twilight (Twilight #1),Â£41.93,Two,In stock
Twenties Girl,Â£42.80,Two,In stock
Trespassing Across America: One ...,Â£53.51,One,In stock
Three-Martini Lunch,Â£23.21,Three,In stock
"Thinking, Fast and Slow",Â£21.14,One,In stock
The Wild Robot,Â£56.07,Three,In stock
The Wicked + The ...,Â£14.41,Three,In stock
The Undomestic Goddess,Â£45.75,Four,In stock
The Travelers,Â£15.77,One,In stock
The Tipping Point: How ...,Â£10.02,Two,In stock
The Thing About Jellyfish,Â£48.77,One,In stock
The Stand,Â£57.86,Two,In stock
The Smitten Kitchen Cookbook,Â£23.59,One,In stock
The Silkworm (Cormoran Strike ...,Â£23.05,Five,In stock
"The Sandman, Vol. 3: ...",Â£55.55,Five,In stock
The Rose & the ...,Â£58.64,Four,In stock
The Road to Little ...,Â£23.21,One,In stock
The Rise of Theodore ...,Â£42.57,Three,In stock
The Restaurant at the ...,Â£10.92,One,In stock
The Rest Is Noise: ...,Â£34.77,One,In stock
The Red Tent,Â£35.66,Five,In stock
The Purpose Driven Life: ...,Â£37.19,Three,In stock
The Purest Hook (Second ...,Â£12.25,One,In stock
The Picture of Dorian ...,Â£29.70,Two,In stock
The Paris Wife,Â£36.80,Three,In stock
The Obsession,Â£45.43,One,In stock
The Nightingale,Â£26.26,Four,In stock
The New Guy (and ...,Â£44.92,Three,In stock
The Nanny Diaries (Nanny ...,Â£52.53,Five,In stock
The Name of God ...,Â£37.25,Two,In stock
The Maze Runner (The ...,Â£20.93,One,In stock
The Lover's Dictionary,Â£58.09,Two,In stock
The Lonely Ones,Â£43.59,Five,In stock
The Lean Startup: How ...,Â£33.92,Three,In stock
The Last Painting of ...,Â£55.55,Two,In stock
"The Land of 10,000 ...",Â£29.64,Four,In stock
The Infinities,Â£27.41,One,In stock
The Husband's Secret,Â£52.51,Five,In stock
The Hitchhiker's Guide to ...,Â£47.80,Three,In stock
The Guns of August,Â£14.54,Two,In stock
The Guernsey Literary and ...,Â£49.53,One,In stock
The Goldfinch,Â£43.58,Three,In stock
The Giver (The Giver ...,Â£12.30,One,In stock
The Girl with All ...,Â£49.47,Three,In stock
The Girl Who Played ...,Â£22.14,Two,In stock
The Girl Who Kicked ...,Â£57.48,One,In stock
The Exiled,Â£43.45,Three,In stock
The End of Faith: ...,Â£22.13,Four,In stock
"The Elegant Universe: Superstrings, ...",Â£13.03,Four,In stock
The Disappearing Spoon: And ...,Â£57.35,Five,In stock
The Devil Wears Prada ...,Â£44.29,One,In stock
The Demon-Haunted World: Science ...,Â£52.25,Four,In stock
The Day the Crayons ...,Â£26.33,Five,In stock
The Da Vinci Code ...,Â£22.96,Two,In stock
The Cuckoo's Calling (Cormoran ...,Â£19.21,One,In stock
The Complete Stories and ...,Â£26.78,Four,In stock
The Complete Poems,Â£41.32,Five,In stock
The Catcher in the ...,Â£24.55,One,In stock
The Cat in the ...,Â£16.26,Two,In stock
The Case for Christ ...,Â£47.84,One,In stock
The Book Thief,Â£53.49,Two,In stock
The Book of Basketball: ...,Â£44.84,Five,In stock
The Blind Side: Evolution ...,Â£53.71,Five,In stock
The Autobiography of Malcolm ...,Â£23.43,Two,In stock
The Art of Simple ...,Â£34.32,Three,In stock
The Art of Fielding,Â£22.10,One,In stock
"Surely You're Joking, Mr. ...",Â£25.83,Two,In stock
Stiff: The Curious Lives ...,Â£36.74,Three,In stock
Spilled Milk: Based on ...,Â£49.51,One,In stock
Something Borrowed (Darcy & ...,Â£48.96,Five,In stock
Something Blue (Darcy & ...,Â£54.62,One,In stock
Soldier (Talon #3),Â£24.72,Two,In stock
Shopaholic & Baby (Shopaholic ...,Â£46.45,Two,In stock
Seven Days in the ...,Â£52.33,Two,In stock
Seven Brief Lessons on ...,Â£30.60,Four,In stock
Scarlet (The Lunar Chronicles ...,Â£14.57,Four,In stock
Sarah's Key,Â£46.29,One,In stock
"Saga, Volume 3 (Saga ...",Â£21.57,Five,In stock
Running with Scissors,Â£12.91,Four,In stock
Rogue Lawyer (Rogue Lawyer ...,Â£50.11,Three,In stock
Rise of the Rocket ...,Â£41.67,Four,In stock
Rework,Â£44.88,Two,In stock
Reservations for Two,Â£11.10,Three,In stock
Red: The True Story ...,Â£28.54,Three,In stock
Ready Player One,Â£19.07,Four,In stock
Quiet: The Power of ...,Â£43.55,One,In stock
Prodigy: The Graphic Novel ...,Â£43.63,Three,In stock
Persepolis: The Story of ...,Â£39.13,One,In stock
Packing for Mars: The ...,Â£56.68,Two,In stock
Outliers: The Story of ...,Â£14.16,One,In stock
Original Fake,Â£31.45,Three,In stock
Orange Is the New ...,Â£24.61,Two,In stock
One for the Money ...,Â£32.87,Two,In stock
Notes from a Small ...,Â£40.17,One,In stock
Night (The Night Trilogy ...,Â£13.51,One,In stock
Neither Here nor There: ...,Â£38.95,Three,In stock
Naked,Â£31.69,Three,In stock
Morning Star (Red Rising ...,Â£29.40,One,In stock
Miracles from Heaven: A ...,Â£57.83,One,In stock
Midnight Riot (Peter Grant/ ...,Â£55.46,Two,In stock
Me Talk Pretty One ...,Â£57.60,Two,In stock
Manuscript Found in Accra,Â£34.98,Two,In stock
Lust & Wonder,Â£11.87,Two,In stock
Lila (Gilead #3),Â£12.47,Three,In stock
"Life, the Universe and ...",Â£33.26,Two,In stock
Life Without a Recipe,Â£59.04,Five,In stock
Life After Life,Â£26.13,Two,In stock
Letter to a Christian ...,Â£22.20,One,In stock
Let's Pretend This Never ...,Â£45.11,One,In stock
Legend (Legend #1),Â£43.69,Four,In stock
"Lean In: Women, Work, ...",Â£25.02,One,In stock
Lamb: The Gospel According ...,Â£55.50,Five,In stock
Lady Renegades (Rebel Belle ...,Â£53.04,Five,In stock
Jurassic Park (Jurassic Park ...,Â£44.97,One,In stock
It's Never Too Late ...,Â£42.38,One,In stock
Is Everyone Hanging Out ...,Â£20.11,Three,In stock
Into the Wild,Â£56.70,Five,In stock
Inferno (Robert Langdon #4),Â£41.00,Five,In stock
In the Garden of ...,Â£28.85,Three,In stock
If I Run (If ...,Â£49.97,Four,In stock
I've Got Your Number,Â£19.69,One,In stock
I Am Malala: The ...,Â£28.88,Two,In stock
Hungry Girl Clean & ...,Â£33.14,Three,In stock
House of Lost Worlds: ...,Â£43.70,Two,In stock
House of Leaves,Â£54.89,One,In stock
Horrible Bear!,Â£37.52,Two,In stock
Holidays on Ice,Â£51.07,Two,In stock
Heir to the Sky,Â£44.07,Four,In stock
Green Eggs and Ham ...,Â£10.79,Four,In stock
"Grayson, Vol 3: Nemesis ...",Â£42.72,One,In stock
Gratitude,Â£26.66,Five,In stock
Gone Girl,Â£37.60,Five,In stock
Golden (Heart of Dread ...,Â£42.21,Four,In stock
Girl in the Blue ...,Â£46.83,Two,In stock
"Fruits Basket, Vol. 3 ...",Â£45.17,Two,In stock
Friday Night Lights: A ...,Â£51.22,Three,In stock
Fire Bound (Sea Haven/Sisters ...,Â£21.28,Four,In stock
Fifty Shades Freed (Fifty ...,Â£15.36,Five,In stock
Fellside,Â£38.62,One,In stock
Extreme Prey (Lucas Davenport ...,Â£25.40,Three,In stock
Eragon (The Inheritance Cycle ...,Â£43.87,Three,In stock
Eclipse (Twilight #3),Â£18.74,One,In stock
Dune (Dune #1),Â£54.86,One,In stock
Dracula,Â£52.62,Three,In stock
Do Androids Dream of ...,Â£51.48,One,In stock
Disrupted: My Misadventure in ...,Â£15.28,Five,In stock
Dead Wake: The Last ...,Â£39.24,Five,In stock
"David and Goliath: Underdogs, ...",Â£17.81,One,In stock
Darkfever (Fever #1),Â£56.02,One,In stock
Dark Places,Â£23.90,Five,In stock
Crazy Rich Asians (Crazy ...,Â£49.13,Five,In stock
Counting Thyme,Â£10.62,One,In stock
Cosmos,Â£36.17,Two,In stock
Civilization and Its Discontents,Â£59.95,Two,In stock
Cinder (The Lunar Chronicles ...,Â£26.09,One,In stock
Catastrophic Happiness: Finding Joy ...,Â£37.35,Two,In stock
Career of Evil (Cormoran ...,Â£24.72,Two,In stock
Breaking Dawn (Twilight #4),Â£35.28,Five,In stock
Brave Enough,Â£51.32,Five,In stock
Boy Meets Boy,Â£21.12,Three,In stock
Born to Run: A ...,Â£27.35,Two,In stock
Blink: The Power of ...,Â£21.74,Five,In stock
Black Flags: The Rise ...,Â£40.87,One,In stock
"Black Butler, Vol. 1 ...",Â£49.31,One,In stock
Big Little Lies,Â£22.11,One,In stock
Between Shades of Gray,Â£20.79,Five,In stock
Best of My Love ...,Â£27.41,Two,In stock
Beowulf,Â£38.35,Two,In stock
Beautiful Creatures (Caster Chronicles ...,Â£21.55,Five,In stock
Awkward,Â£38.02,Two,In stock
Ash,Â£22.06,Four,In stock
Are We There Yet?,Â£10.66,Three,In stock
Are We Smart Enough ...,Â£56.58,One,In stock
Annie on My Mind,Â£36.83,Five,In stock
And Then There Were ...,Â£35.01,Two,In stock
A Walk in the ...,Â£30.48,Four,In stock
A Visit from the ...,Â£14.08,Five,In stock
A Storm of Swords ...,Â£31.22,Two,In stock
A Heartbreaking Work of ...,Â£54.29,Five,In stock
8 Keys to Mental ...,Â£31.04,One,In stock
#GIRLBOSS,Â£50.96,One,In stock
The Suffragettes (Little Black ...,Â£11.89,Two,In stock
The Sense of an ...,Â£31.38,Three,In stock
"The Sandman, Vol. 2: ...",Â£54.81,One,In stock
The Course of Love,Â£16.78,Three,In stock
Sugar Rush (Offensive Line ...,Â£24.42,One,In stock
"Saga, Volume 2 (Saga ...",Â£11.75,Three,In stock
"Run, Spot, Run: The ...",Â£20.02,One,In stock
New Moon (Twilight #2),Â£12.86,Four,In stock
Life,Â£31.58,Five,In stock
Kindle Paperwhite User's Guide,Â£34.00,Three,In stock
H is for Hawk,Â£57.42,Five,In stock
Girl Online On Tour ...,Â£53.47,One,In stock
"Fruits Basket, Vol. 2 ...",Â£11.64,Five,In stock
Diary of a Minecraft ...,Â£52.88,Four,In stock
"Y: The Last Man, ...",Â£18.51,Four,In stock
While You Were Mine,Â£41.32,Five,In stock
Where Lightning Strikes (Bleeding ...,Â£39.77,Three,In stock
When I'm Gone,Â£51.96,Three,In stock
Ways of Seeing,Â£39.51,Five,In stock
"Vampire Knight, Vol. 1 ...",Â£15.40,One,In stock
Vampire Girl (Vampire Girl ...,Â£53.82,Two,In stock
Twenty Love Poems and ...,Â£30.95,Four,In stock
Travels with Charley: In ...,Â£57.82,Five,In stock
Three Wishes (River of ...,Â£44.18,Two,In stock
This One Moment (Pushing ...,Â£48.71,One,In stock
The Zombie Room,Â£19.69,Five,In stock
The Wicked + The ...,Â£36.52,Two,In stock
The Tumor,Â£41.56,Five,In stock
The Story of Hong ...,Â£43.19,Four,In stock
The Silent Wife,Â£12.34,Five,In stock
The Silent Twin (Detective ...,Â£36.25,Three,In stock
The Selfish Gene,Â£29.45,One,In stock
The Secret Healer,Â£34.56,Three,In stock
"The Sandman, Vol. 1: ...",Â£54.12,Three,In stock
The Republic,Â£33.78,Three,In stock
The Odyssey,Â£29.64,Three,In stock
The No. 1 Ladies' ...,Â£57.70,Four,In stock
The Nicomachean Ethics,Â£36.34,One,In stock
The Name of the ...,Â£50.59,Three,In stock
The Mirror & the ...,Â£29.38,One,In stock
The Little Prince,Â£45.42,Two,In stock
The Light of the ...,Â£54.43,One,In stock
The Last Girl (The ...,Â£36.26,Two,In stock
The Iliad,Â£16.16,One,In stock
The Hook Up (Game ...,Â£36.29,Five,In stock
The Haters,Â£27.89,Five,In stock
The Girl You Lost,Â£12.29,Five,In stock
The Girl In The ...,Â£15.85,Three,In stock
The End of the ...,Â£14.40,One,In stock
The Edge of Reason ...,Â£19.18,Four,In stock
The Complete Maus (Maus ...,Â£10.64,Three,In stock
The Communist Manifesto,Â£14.76,Three,In stock
The Bhagavad Gita,Â£57.49,Three,In stock
The Bette Davis Club,Â£30.66,Three,In stock
The Art of Not ...,Â£40.83,Four,In stock
Taking Shots (Assassins #1),Â£18.88,Two,In stock
Starlark,Â£25.83,Three,In stock
"Skip Beat!, Vol. 01 ...",Â£42.12,Three,In stock
Sister Sable (The Mad ...,Â£13.33,Three,In stock
Shatter Me (Shatter Me ...,Â£42.40,One,In stock
Shameless,Â£58.35,Three,In stock
Shadow Rites (Jane Yellowrock ...,Â£21.72,Four,In stock
Settling the Score (The ...,Â£44.91,Two,In stock
Sense and Sensibility,Â£37.46,One,In stock
"Saga, Volume 1 (Saga ...",Â£28.48,One,In stock
"Rhythm, Chord & Malykhin",Â£28.34,Two,In stock
"Rat Queens, Vol. 1: ...",Â£46.96,Five,In stock
Paradise Lost (Paradise #1),Â£24.96,One,In stock
"Paper Girls, Vol. 1 ...",Â£21.71,Four,In stock
Ouran High School Host ...,Â£29.87,Three,In stock
Origins (Alphas 0.5),Â£28.99,One,In stock
One Second (Seven #7),Â£52.94,Two,In stock
On the Road (Duluoz ...,Â£32.36,Three,In stock
Old Records Never Die: ...,Â£55.66,Two,In stock
Off Sides (Off #1),Â£39.45,Five,In stock
Of Mice and Men,Â£47.11,Two,In stock
Myriad (Prentor #1),Â£58.75,Four,In stock
My Perfect Mistake (Over ...,Â£38.92,Two,In stock
"Ms. Marvel, Vol. 1: ...",Â£39.39,Four,In stock
Meditations,Â£25.89,Two,In stock
Matilda,Â£28.34,One,In stock
Lost Among the Living,Â£27.70,Four,In stock
Lord of the Flies,Â£24.89,Three,In stock
Listen to Me (Fusion ...,Â£58.99,Three,In stock
Kitchens of the Great ...,Â£57.20,Five,In stock
Jane Eyre,Â£38.43,Five,In stock
Imperfect Harmony,Â£34.74,Four,In stock
Icing (Aces Hockey #2),Â£40.44,Four,In stock
"Hawkeye, Vol. 1: My ...",Â£45.24,Three,In stock
Having the Barbarian's Baby ...,Â£34.96,Four,In stock
"Giant Days, Vol. 1 ...",Â£56.76,Four,In stock
"Fruits Basket, Vol. 1 ...",Â£40.28,Five,In stock
Frankenstein,Â£38.00,Two,In stock
Forever Rockers (The Rocker ...,Â£28.80,Three,In stock
Fighting Fate (Fighting #6),Â£39.24,Three,In stock
Emma,Â£32.93,Two,In stock
"Eat, Pray, Love",Â£51.32,Three,In stock
Deep Under (Walker Security ...,Â£47.09,Five,In stock
Choosing Our Religion: The ...,Â£28.42,Four,In stock
Charlie and the Chocolate ...,Â£22.85,Three,In stock
Charity's Cross (Charles Towne ...,Â£41.24,One,In stock
Bright Lines,Â£39.07,Five,In stock
Bridget Jones's Diary (Bridget ...,Â£29.82,One,In stock
Bounty (Colorado Mountain #7),Â£37.26,Four,In stock
Blood Defense (Samantha Brinkman ...,Â£20.30,Three,In stock
"Bleach, Vol. 1: Strawberry ...",Â£34.65,Five,In stock
Beyond Good and Evil,Â£43.38,One,In stock
Alice in Wonderland (Alice's ...,Â£55.53,One,In stock
"Ajin: Demi-Human, Volume 1 ...",Â£57.06,Four,In stock
A Spy's Devotion (The ...,Â£16.97,Five,In stock
1st to Die (Women's ...,Â£53.98,One,In stock
"1,000 Places to See ...",Â£26.08,Five,In stock
